"NE WAZA BOYS U08 -21 KG  - A";;"Категория";"Место";"Название";"";"Раздел";"Cтраны";"";"";"NE WAZA BOYS U08 -21 KG  - B";;"Категория";"Место";"Название";"";"Раздел";"Cтраны";"";"";"NE WAZA BOYS U08 -21 KG  - C";;"Категория";"Место";"Название";"";"Раздел";"Cтраны";"";"";"NE WAZA BOYS U08 -24 KG -A";;"Категория";"Место";"Название";"";"Раздел";"Cтраны";"";"";"NE WAZA BOYS U08 -24 KG -B";;"Категория";"Место";"Название";"";"Раздел";"Cтраны";"";"";"NE WAZA BOYS U08 -24 KG -C";;"Категория";"Место";"Название";"";"Раздел";"Cтраны";"";"";"NE WAZA BOYS U08 -24 KG -D";;"Категория";"Место";"Название";"";"Раздел";"Cтраны";"";"";"NE WAZA BOYS U08 -27 KG -A";;"Категория";"Место";"Название";"";"Раздел";"Cтраны";"";"";"NE WAZA BOYS U08 -27 KG -B";;"Категория";"Место";"Название";"";"Раздел";"Cтраны";"";"";"NE WAZA BOYS U08 -30 KG";;"Категория";"Место";"Название";"";"Раздел";"Cтраны";"";"";"NE WAZA Cadets boys U10  -34 KG -A";;"Категория";"Место";"Название";"";"Раздел";"Cтраны";"";"";"NE WAZA Cadets boys U10  -34 KG -B";;"Категория";"Место";"Название";"";"Раздел";"Cтраны";"";"";"NE WAZA Cadets boys U10 -21 KG";;"Категория";"Место";"Название";"";"Раздел";"Cтраны";"";"";"NE WAZA Cadets boys U10 -24 KG";;"Категория";"Место";"Название";"";"Раздел";"Cтраны";"";"";"NE WAZA Cadets boys U10 -27 KG -A";;"Категория";"Место";"Название";"";"Раздел";"Cтраны";"";"";"NE WAZA Cadets boys U10 -27 KG -B";;"Категория";"Место";"Название";"";"Раздел";"Cтраны";"";"";"NE WAZA Cadets boys U10 -30 KG -A";;"Категория";"Место";"Название";"";"Раздел";"Cтраны";"";"";"NE WAZA Cadets boys U10 -30 KG -B";;"Категория";"Место";"Название";"";"Раздел";"Cтраны";"";"";"NE WAZA Cadets boys U10 -30 KG -C";;"Категория";"Место";"Название";"";"Раздел";"Cтраны";"";"";"NE WAZA Cadets boys U10 -38 KG";;"Категория";"Место";"Название";"";"Раздел";"Cтраны";"";"";"NE WAZA Cadets boys U10 -42 KG";;"Категория";"Место";"Название";"";"Раздел";"Cтраны";"";"";"NE WAZA Cadets boys U12 +50 KG";;"Категория";"Место";"Название";"";"Раздел";"Cтраны";"";"";"NE WAZA Cadets boys U12 -30 KG -A";;"Категория";"Место";"Название";"";"Раздел";"Cтраны";"";"";"NE WAZA Cadets boys U12 -30 KG -B";;"Категория";"Место";"Название";"";"Раздел";"Cтраны";"";"";"NE WAZA Cadets boys U12 -34 KG -A";;"Категория";"Место";"Название";"";"Раздел";"Cтраны";"";"";"NE WAZA Cadets boys U12 -34 KG -B";;"Категория";"Место";"Название";"";"Раздел";"Cтраны";"";"";"NE WAZA Cadets boys U12 -34 KG -C";;"Категория";"Место";"Название";"";"Раздел";"Cтраны";"";"";"NE WAZA Cadets boys U12 -38 KG -A";;"Категория";"Место";"Название";"";"Раздел";"Cтраны";"";"";"NE WAZA Cadets boys U12 -38 KG -B";;"Категория";"Место";"Название";"";"Раздел";"Cтраны";"";"";"NE WAZA Cadets boys U12 -42 KG -A";;"Категория";"Место";"Название";"";"Раздел";"Cтраны";"";"";"NE WAZA Cadets boys U12 -42 KG -B";;"Категория";"Место";"Название";"";"Раздел";"Cтраны";"";"";"NE WAZA Cadets boys U14 -42 KG -A";;"Категория";"Место";"Название";"";"Раздел";"Cтраны";"";"";"NE WAZA Cadets boys U14 -42 KG -B";;"Категория";"Место";"Название";"";"Раздел";"Cтраны";"";"";"NE WAZA Cadets boys U14 -46 KG";;"Категория";"Место";"Название";"";"Раздел";"Cтраны";"";"";"NE WAZA Cadets boys U14 -55 KG";;"Категория";"Место";"Название";"";"Раздел";"Cтраны";"";"";"NE WAZA Cadets boys U14 -60 KG";;"Категория";"Место";"Название";"";"Раздел";"Cтраны";"";"";"NE WAZA Cadets boys U14 -66 KG";;"Категория";"Место";"Название";"";"Раздел";"Cтраны";"";"";"NE WAZA Cadets boys U16 -60 KG -A";;"Категория";"Место";"Название";"";"Раздел";"Cтраны";"";"";"NE WAZA Cadets boys U16 -60 KG -B";;"Категория";"Место";"Название";"";"Раздел";"Cтраны";"";"";"NE WAZA Cadets boys U16 -66 KG";;"Категория";"Место";"Название";"";"Раздел";"Cтраны";"";"";"NE WAZA Cadets boys U16 -73 KG";;"Категория";"Место";"Название";"";"Раздел";"Cтраны";"";"";"NE WAZA Cadets girls U10 -28 KG";;"Категория";"Место";"Название";"";"Раздел";"Cтраны";"";"";"NE WAZA Cadets girls U10 -32 KG";;"Категория";"Место";"Название";"";"Раздел";"Cтраны";"";"";"NE WAZA Cadets girls U10 -36 KG";;"Категория";"Место";"Название";"";"Раздел";"Cтраны";"";"";"NE WAZA Cadets girls U12 -32 KG";;"Категория";"Место";"Название";"";"Раздел";"Cтраны";"";"";"NE WAZA Cadets girls U12 -40 KG";;"Категория";"Место";"Название";"";"Раздел";"Cтраны";"";"";"NE WAZA Cadets girls U14 -52 KG -A";;"Категория";"Место";"Название";"";"Раздел";"Cтраны";"";"";"NE WAZA Cadets girls U14 -52 KG -B";;"Категория";"Место";"Название";"";"Раздел";"Cтраны";"";"";"NE WAZA Cadets girls U14 -57 KG";;"Категория";"Место";"Название";"";"Раздел";"Cтраны";"";"";"NE WAZA GIRLS U08 -22 KG";;"Категория";"Место";"Название";"";"Раздел";"Cтраны";"";"";"NE WAZA GIRLS U08 -32 KG";;"Категория";"Место";"Название";"";"Раздел";"Cтраны";"";"";"NE WAZA JIUJITSU MEN U18 -55 KG";;"Категория";"Место";"Название";"";"Раздел";"Cтраны";"";"";"NE WAZA JIUJITSU MEN U18 -60 KG";;"Категория";"Место";"Название";"";"Раздел";"Cтраны";"";"";"NE WAZA JIUJITSU MEN U18 -73 KG";;"Категория";"Место";"Название";"";"Раздел";"Cтраны";"";"";"NE WAZA JIUJITSU MEN U18 -81 KG";;"Категория";"Место";"Название";"";"Раздел";"Cтраны";"";"";"NE WAZA MALE +18 +94";;"Категория";"Место";"Название";"";"Раздел";"Cтраны";"";"";"NE WAZA MALE +18 -69";;"Категория";"Место";"Название";"";"Раздел";"Cтраны";"";"";"NE WAZA MALE +18 -77  - B";;"Категория";"Место";"Название";"";"Раздел";"Cтраны";"";"";"NE WAZA MALE +18 -77 - A";;"Категория";"Место";"Название";"";"Раздел";"Cтраны";"";"";"NE WAZA MALE +18 -85   - A";;"Категория";"Место";"Название";"";"Раздел";"Cтраны";"";"";"NE WAZA MALE +18 -85   - B";;"Категория";"Место";"Название";"";"Раздел";"Cтраны";"";"";"NE WAZA MALE +18 -94";;"Категория";"Место";"Название";"";"Раздел";"Cтраны";"";""

"NE WAZA BOYS U08 -21 KG  - A";"1";"VALNER ADAM";"http://setopen.sportdata.org/jjifranking/ranking_main_competitor.php?ranking_country=CYP&ranking_competitor=&ranking_competitor_name=VALNER ADAM#ranking_competitor";"KRISTIAN CESTARO JIU JITSU ASSOCIATION";"CYPRUS";"";""
"NE WAZA BOYS U08 -21 KG  - A";"2";"ANCEVSKI OTTO";"http://setopen.sportdata.org/jjifranking/ranking_main_competitor.php?ranking_country=CYP&ranking_competitor=&ranking_competitor_name=ANCEVSKI OTTO#ranking_competitor";"KRISTIAN CESTARO JIU JITSU ASSOCIATION";"CYPRUS";"";""
"NE WAZA BOYS U08 -21 KG  - A";"3";"KONE IOANNIS";"http://setopen.sportdata.org/jjifranking/ranking_main_competitor.php?ranking_country=CYP&ranking_competitor=&ranking_competitor_name=KONE IOANNIS#ranking_competitor";"ATHLETIC CLUB EVAGORAS";"CYPRUS";"";""
"NE WAZA BOYS U08 -21 KG  - A";"4";"BONDARENKO ARTEM";"http://setopen.sportdata.org/jjifranking/ranking_main_competitor.php?ranking_country=CYP&ranking_competitor=&ranking_competitor_name=BONDARENKO ARTEM#ranking_competitor";"BAD DOG BJJ";"CYPRUS";"";""
"NE WAZA BOYS U08 -21 KG  - A";"5";"AVRAAM GIORGOS";"http://setopen.sportdata.org/jjifranking/ranking_main_competitor.php?ranking_country=CYP&ranking_competitor=&ranking_competitor_name=AVRAAM GIORGOS#ranking_competitor";"ZR TEAM LARNACA";"CYPRUS";"";""


"NE WAZA BOYS U08 -21 KG  - B";"1";"HUIENKO AKIM";"http://setopen.sportdata.org/jjifranking/ranking_main_competitor.php?ranking_country=CYP&ranking_competitor=&ranking_competitor_name=HUIENKO AKIM#ranking_competitor";"BAD DOG BJJ";"CYPRUS";"";""
"NE WAZA BOYS U08 -21 KG  - B";"2";"SHUMILIN KONSTANTIN";"http://setopen.sportdata.org/jjifranking/ranking_main_competitor.php?ranking_country=CYP&ranking_competitor=&ranking_competitor_name=SHUMILIN KONSTANTIN#ranking_competitor";"KRISTIAN CESTARO JIU JITSU ASSOCIATION";"CYPRUS";"";""
"NE WAZA BOYS U08 -21 KG  - B";"3";"FEDIAEV MARK";"http://setopen.sportdata.org/jjifranking/ranking_main_competitor.php?ranking_country=CYP&ranking_competitor=&ranking_competitor_name=FEDIAEV MARK#ranking_competitor";"KRISTIAN CESTARO JIU JITSU ASSOCIATION";"CYPRUS";"";""
"NE WAZA BOYS U08 -21 KG  - B";"4";"ZANI CHRISTOS";"http://setopen.sportdata.org/jjifranking/ranking_main_competitor.php?ranking_country=CYP&ranking_competitor=&ranking_competitor_name=ZANI CHRISTOS#ranking_competitor";"ATHLETIC CLUB EVAGORAS";"CYPRUS";"";""


"NE WAZA BOYS U08 -21 KG  - C";"1";"KOLESOV VLADISLAV";"http://setopen.sportdata.org/jjifranking/ranking_main_competitor.php?ranking_country=CYP&ranking_competitor=&ranking_competitor_name=KOLESOV VLADISLAV#ranking_competitor";"KRISTIAN CESTARO JIU JITSU ASSOCIATION";"CYPRUS";"";""
"NE WAZA BOYS U08 -21 KG  - C";"2";"SEREDYNSKYY MYKHAILO";"http://setopen.sportdata.org/jjifranking/ranking_main_competitor.php?ranking_country=CYP&ranking_competitor=&ranking_competitor_name=SEREDYNSKYY MYKHAILO#ranking_competitor";"KRISTIAN CESTARO JIU JITSU ASSOCIATION";"CYPRUS";"";""
"NE WAZA BOYS U08 -21 KG  - C";"3";"PPATSIAS THEODOROS";"http://setopen.sportdata.org/jjifranking/ranking_main_competitor.php?ranking_country=CYP&ranking_competitor=&ranking_competitor_name=PPATSIAS THEODOROS#ranking_competitor";"SPARTA ACADEMY";"CYPRUS";"";""
"NE WAZA BOYS U08 -21 KG  - C";"4";"NICOLAOU GIORGOS";"http://setopen.sportdata.org/jjifranking/ranking_main_competitor.php?ranking_country=CYP&ranking_competitor=&ranking_competitor_name=NICOLAOU GIORGOS#ranking_competitor";"ATHLETIC CLUB EVAGORAS";"CYPRUS";"";""
"NE WAZA BOYS U08 -21 KG  - C";"5";"ZEYKA GIORGOS";"http://setopen.sportdata.org/jjifranking/ranking_main_competitor.php?ranking_country=CYP&ranking_competitor=&ranking_competitor_name=ZEYKA GIORGOS#ranking_competitor";"ATHLETIC CLUB EVAGORAS";"CYPRUS";"";""


"NE WAZA BOYS U08 -24 KG -A";"1";"BARANOV ARSENYY";"http://setopen.sportdata.org/jjifranking/ranking_main_competitor.php?ranking_country=CYP&ranking_competitor=&ranking_competitor_name=BARANOV ARSENYY#ranking_competitor";"KRISTIAN CESTARO JIU JITSU ASSOCIATION";"CYPRUS";"";""
"NE WAZA BOYS U08 -24 KG -A";"2";"SEMENOV ANREI";"http://setopen.sportdata.org/jjifranking/ranking_main_competitor.php?ranking_country=CYP&ranking_competitor=&ranking_competitor_name=SEMENOV ANREI#ranking_competitor";"JU JUTSU M.A. ALEXANDR KRETOV";"CYPRUS";"";""
"NE WAZA BOYS U08 -24 KG -A";"3";"ANASTASIOU MICHAEL";"http://setopen.sportdata.org/jjifranking/ranking_main_competitor.php?ranking_country=CYP&ranking_competitor=&ranking_competitor_name=ANASTASIOU MICHAEL#ranking_competitor";"ATHLETIC CLUB EVAGORAS";"CYPRUS";"";""
"NE WAZA BOYS U08 -24 KG -A";"4";"ZAITSEV DANILA";"http://setopen.sportdata.org/jjifranking/ranking_main_competitor.php?ranking_country=CYP&ranking_competitor=&ranking_competitor_name=ZAITSEV DANILA#ranking_competitor";"KRISTIAN CESTARO JIU JITSU ASSOCIATION";"CYPRUS";"";""
"NE WAZA BOYS U08 -24 KG -A";"5";"POUKI MICHALIS";"http://setopen.sportdata.org/jjifranking/ranking_main_competitor.php?ranking_country=CYP&ranking_competitor=&ranking_competitor_name=POUKI MICHALIS#ranking_competitor";"ATHLETIC CLUB EVAGORAS";"CYPRUS";"";""


"NE WAZA BOYS U08 -24 KG -B";"1";"BOLOTOV ARTUR";"http://setopen.sportdata.org/jjifranking/ranking_main_competitor.php?ranking_country=CYP&ranking_competitor=&ranking_competitor_name=BOLOTOV ARTUR#ranking_competitor";"KRISTIAN CESTARO JIU JITSU ASSOCIATION";"CYPRUS";"";""
"NE WAZA BOYS U08 -24 KG -B";"2";"KOUNES GIORGOS";"http://setopen.sportdata.org/jjifranking/ranking_main_competitor.php?ranking_country=CYP&ranking_competitor=&ranking_competitor_name=KOUNES GIORGOS#ranking_competitor";"ATHLETIC CLUB EVAGORAS";"CYPRUS";"";""
"NE WAZA BOYS U08 -24 KG -B";"3";"VALKO MICHAEL";"http://setopen.sportdata.org/jjifranking/ranking_main_competitor.php?ranking_country=CYP&ranking_competitor=&ranking_competitor_name=VALKO MICHAEL#ranking_competitor";"KRISTIAN CESTARO JIU JITSU ASSOCIATION";"CYPRUS";"";""


"NE WAZA BOYS U08 -24 KG -C";"1";"LEONIDOU GIORGOS";"http://setopen.sportdata.org/jjifranking/ranking_main_competitor.php?ranking_country=CYP&ranking_competitor=&ranking_competitor_name=LEONIDOU GIORGOS#ranking_competitor";"ZR TEAM LARNACA";"CYPRUS";"";""
"NE WAZA BOYS U08 -24 KG -C";"2";"GRUNIN CRISTIAN";"http://setopen.sportdata.org/jjifranking/ranking_main_competitor.php?ranking_country=CYP&ranking_competitor=&ranking_competitor_name=GRUNIN CRISTIAN#ranking_competitor";"KRISTIAN CESTARO JIU JITSU ASSOCIATION";"CYPRUS";"";""
"NE WAZA BOYS U08 -24 KG -C";"3";"TSORIONOV ALAN";"http://setopen.sportdata.org/jjifranking/ranking_main_competitor.php?ranking_country=CYP&ranking_competitor=&ranking_competitor_name=TSORIONOV ALAN#ranking_competitor";"KRISTIAN CESTARO JIU JITSU ASSOCIATION";"CYPRUS";"";""
"NE WAZA BOYS U08 -24 KG -C";"4";"KONSTANTINOU PANAYIOTIS K";"http://setopen.sportdata.org/jjifranking/ranking_main_competitor.php?ranking_country=CYP&ranking_competitor=&ranking_competitor_name=KONSTANTINOU PANAYIOTIS K#ranking_competitor";"ATHLETIC CLUB EVAGORAS";"CYPRUS";"";""
"NE WAZA BOYS U08 -24 KG -C";"5";"CHRYSOSTOMOU ATHOS";"http://setopen.sportdata.org/jjifranking/ranking_main_competitor.php?ranking_country=CYP&ranking_competitor=&ranking_competitor_name=CHRYSOSTOMOU ATHOS#ranking_competitor";"ATHLETIC CLUB EVAGORAS";"CYPRUS";"";""


"NE WAZA BOYS U08 -24 KG -D";"1";"RUKAVITSA VASILII";"http://setopen.sportdata.org/jjifranking/ranking_main_competitor.php?ranking_country=CYP&ranking_competitor=&ranking_competitor_name=RUKAVITSA VASILII#ranking_competitor";"KRISTIAN CESTARO JIU JITSU ASSOCIATION";"CYPRUS";"";""
"NE WAZA BOYS U08 -24 KG -D";"2";"ISAAK NIKOLAS";"http://setopen.sportdata.org/jjifranking/ranking_main_competitor.php?ranking_country=CYP&ranking_competitor=&ranking_competitor_name=ISAAK NIKOLAS#ranking_competitor";"ATHLETIC CLUB EVAGORAS";"CYPRUS";"";""


"NE WAZA BOYS U08 -27 KG -A";"1";"BOCCATYREV VLADISLAV";"http://setopen.sportdata.org/jjifranking/ranking_main_competitor.php?ranking_country=CYP&ranking_competitor=&ranking_competitor_name=BOCCATYREV VLADISLAV#ranking_competitor";"JU JUTSU M.A. ALEXANDR KRETOV";"CYPRUS";"";""
"NE WAZA BOYS U08 -27 KG -A";"2";"ZACHARIA AGGELOS";"http://setopen.sportdata.org/jjifranking/ranking_main_competitor.php?ranking_country=CYP&ranking_competitor=&ranking_competitor_name=ZACHARIA AGGELOS#ranking_competitor";"ATHLETIC CLUB EVAGORAS";"CYPRUS";"";""
"NE WAZA BOYS U08 -27 KG -A";"3";"KONE GIANNIS";"http://setopen.sportdata.org/jjifranking/ranking_main_competitor.php?ranking_country=CYP&ranking_competitor=&ranking_competitor_name=KONE GIANNIS#ranking_competitor";"ATHLETIC CLUB EVAGORAS";"CYPRUS";"";""
"NE WAZA BOYS U08 -27 KG -A";"4";"STEPHANOU STEPHANOS";"http://setopen.sportdata.org/jjifranking/ranking_main_competitor.php?ranking_country=CYP&ranking_competitor=&ranking_competitor_name=STEPHANOU STEPHANOS#ranking_competitor";"ZR TEAM LARNACA";"CYPRUS";"";""


"NE WAZA BOYS U08 -27 KG -B";"1";"SULEIMANOV ANDREI";"http://setopen.sportdata.org/jjifranking/ranking_main_competitor.php?ranking_country=CYP&ranking_competitor=&ranking_competitor_name=SULEIMANOV ANDREI#ranking_competitor";"ZR TEAM PAPHOS";"CYPRUS";"";""
"NE WAZA BOYS U08 -27 KG -B";"2";"IOANNIDES FOTIS";"http://setopen.sportdata.org/jjifranking/ranking_main_competitor.php?ranking_country=CYP&ranking_competitor=&ranking_competitor_name=IOANNIDES FOTIS#ranking_competitor";"KRISTIAN CESTARO JIU JITSU ASSOCIATION";"CYPRUS";"";""
"NE WAZA BOYS U08 -27 KG -B";"3";"MELNIKOV ALEXANDR";"http://setopen.sportdata.org/jjifranking/ranking_main_competitor.php?ranking_country=CYP&ranking_competitor=&ranking_competitor_name=MELNIKOV ALEXANDR#ranking_competitor";"JU JUTSU M.A. ALEXANDR KRETOV";"CYPRUS";"";""
"NE WAZA BOYS U08 -27 KG -B";"4";"KONSTANTINOU PANAYIOTIS M";"http://setopen.sportdata.org/jjifranking/ranking_main_competitor.php?ranking_country=CYP&ranking_competitor=&ranking_competitor_name=KONSTANTINOU PANAYIOTIS M#ranking_competitor";"ATHLETIC CLUB EVAGORAS";"CYPRUS";"";""


"NE WAZA BOYS U08 -30 KG";"1";"ABRAMOV GEORGYY";"http://setopen.sportdata.org/jjifranking/ranking_main_competitor.php?ranking_country=CYP&ranking_competitor=&ranking_competitor_name=ABRAMOV GEORGYY#ranking_competitor";"KRISTIAN CESTARO JIU JITSU ASSOCIATION";"CYPRUS";"";""
"NE WAZA BOYS U08 -30 KG";"2";"ALEXOPOULOS ALEXIOS";"http://setopen.sportdata.org/jjifranking/ranking_main_competitor.php?ranking_country=CYP&ranking_competitor=&ranking_competitor_name=ALEXOPOULOS ALEXIOS#ranking_competitor";"MEGAS ALEXANDROS";"CYPRUS";"";""
"NE WAZA BOYS U08 -30 KG";"3";"MARTI STAVROS";"http://setopen.sportdata.org/jjifranking/ranking_main_competitor.php?ranking_country=CYP&ranking_competitor=&ranking_competitor_name=MARTI STAVROS#ranking_competitor";"ATHLETIC CLUB EVAGORAS";"CYPRUS";"";""
"NE WAZA BOYS U08 -30 KG";"4";"KOMODIKIS CONSTANTINOS";"http://setopen.sportdata.org/jjifranking/ranking_main_competitor.php?ranking_country=CYP&ranking_competitor=&ranking_competitor_name=KOMODIKIS CONSTANTINOS#ranking_competitor";"ATHLETIC CLUB EVAGORAS";"CYPRUS";"";""


"NE WAZA Cadets boys U10  -34 KG -A";"1";"YEVTUSHENKO DARIY";"http://setopen.sportdata.org/jjifranking/ranking_main_competitor.php?ranking_country=CYP&ranking_competitor=&ranking_competitor_name=YEVTUSHENKO DARIY#ranking_competitor";"KRISTIAN CESTARO JIU JITSU ASSOCIATION";"CYPRUS";"";""
"NE WAZA Cadets boys U10  -34 KG -A";"2";"BONDARENKO ANDRII";"http://setopen.sportdata.org/jjifranking/ranking_main_competitor.php?ranking_country=CYP&ranking_competitor=&ranking_competitor_name=BONDARENKO ANDRII#ranking_competitor";"BAD DOG BJJ";"CYPRUS";"";""
"NE WAZA Cadets boys U10  -34 KG -A";"3";"CHAMPOU ALEKSANDROS";"http://setopen.sportdata.org/jjifranking/ranking_main_competitor.php?ranking_country=CYP&ranking_competitor=&ranking_competitor_name=CHAMPOU ALEKSANDROS#ranking_competitor";"KRISTIAN CESTARO JIU JITSU ASSOCIATION";"CYPRUS";"";""
"NE WAZA Cadets boys U10  -34 KG -A";"4";"SCHOLES KYRIACOS";"http://setopen.sportdata.org/jjifranking/ranking_main_competitor.php?ranking_country=CYP&ranking_competitor=&ranking_competitor_name=SCHOLES KYRIACOS#ranking_competitor";"ATHLETIC CLUB EVAGORAS";"CYPRUS";"";""


"NE WAZA Cadets boys U10  -34 KG -B";"1";"STAN ERIK";"http://setopen.sportdata.org/jjifranking/ranking_main_competitor.php?ranking_country=CYP&ranking_competitor=&ranking_competitor_name=STAN ERIK#ranking_competitor";"BAD DOG BJJ";"CYPRUS";"";""
"NE WAZA Cadets boys U10  -34 KG -B";"2";"KOUSKOULLI ANASTASIS";"http://setopen.sportdata.org/jjifranking/ranking_main_competitor.php?ranking_country=CYP&ranking_competitor=&ranking_competitor_name=KOUSKOULLI ANASTASIS#ranking_competitor";"ATHLETIC CLUB EVAGORAS";"CYPRUS";"";""
"NE WAZA Cadets boys U10  -34 KG -B";"3";"TSIOLAKIS KONSTANTINOS";"http://setopen.sportdata.org/jjifranking/ranking_main_competitor.php?ranking_country=CYP&ranking_competitor=&ranking_competitor_name=TSIOLAKIS KONSTANTINOS#ranking_competitor";"MEGAS ALEXANDROS";"CYPRUS";"";""
"NE WAZA Cadets boys U10  -34 KG -B";"4";"KHONDA MARK";"http://setopen.sportdata.org/jjifranking/ranking_main_competitor.php?ranking_country=CYP&ranking_competitor=&ranking_competitor_name=KHONDA MARK#ranking_competitor";"KRISTIAN CESTARO JIU JITSU ASSOCIATION";"CYPRUS";"";""


"NE WAZA Cadets boys U10 -21 KG";"1";"THEODOTOU MARIOS";"http://setopen.sportdata.org/jjifranking/ranking_main_competitor.php?ranking_country=CYP&ranking_competitor=&ranking_competitor_name=THEODOTOU MARIOS#ranking_competitor";"SPARTA ACADEMY";"CYPRUS";"";""
"NE WAZA Cadets boys U10 -21 KG";"2";"CHAPORGIN LEONID";"http://setopen.sportdata.org/jjifranking/ranking_main_competitor.php?ranking_country=CYP&ranking_competitor=&ranking_competitor_name=CHAPORGIN LEONID#ranking_competitor";"KRISTIAN CESTARO JIU JITSU ASSOCIATION";"CYPRUS";"";""


"NE WAZA Cadets boys U10 -24 KG";"1";"SAVVA STYLIANOS CHRISTOFOROS";"http://setopen.sportdata.org/jjifranking/ranking_main_competitor.php?ranking_country=CYP&ranking_competitor=&ranking_competitor_name=SAVVA STYLIANOS CHRISTOFOROS#ranking_competitor";"SPARTA ACADEMY";"CYPRUS";"";""
"NE WAZA Cadets boys U10 -24 KG";"2";"STEPANOV GERMAN";"http://setopen.sportdata.org/jjifranking/ranking_main_competitor.php?ranking_country=CYP&ranking_competitor=&ranking_competitor_name=STEPANOV GERMAN#ranking_competitor";"KRISTIAN CESTARO JIU JITSU ASSOCIATION";"CYPRUS";"";""
"NE WAZA Cadets boys U10 -24 KG";"3";"CHRISTOU CHARIS ZACHARIAS";"http://setopen.sportdata.org/jjifranking/ranking_main_competitor.php?ranking_country=CYP&ranking_competitor=&ranking_competitor_name=CHRISTOU CHARIS ZACHARIAS#ranking_competitor";"ATHLETIC CLUB EVAGORAS";"CYPRUS";"";""


"NE WAZA Cadets boys U10 -27 KG -A";"1";"KONSTANTINOU MARKOS";"http://setopen.sportdata.org/jjifranking/ranking_main_competitor.php?ranking_country=CYP&ranking_competitor=&ranking_competitor_name=KONSTANTINOU MARKOS#ranking_competitor";"ATHLETIC CLUB EVAGORAS";"CYPRUS";"";""
"NE WAZA Cadets boys U10 -27 KG -A";"2";"IAKOVLEV VLADIMIR";"http://setopen.sportdata.org/jjifranking/ranking_main_competitor.php?ranking_country=CYP&ranking_competitor=&ranking_competitor_name=IAKOVLEV VLADIMIR#ranking_competitor";"KRISTIAN CESTARO JIU JITSU ASSOCIATION";"CYPRUS";"";""
"NE WAZA Cadets boys U10 -27 KG -A";"3";"IOURMANOV SERGEY";"http://setopen.sportdata.org/jjifranking/ranking_main_competitor.php?ranking_country=CYP&ranking_competitor=&ranking_competitor_name=IOURMANOV SERGEY#ranking_competitor";"JU JUTSU M.A. ALEXANDR KRETOV";"CYPRUS";"";""
"NE WAZA Cadets boys U10 -27 KG -A";"4";"SINODINOS GERASIMOS";"http://setopen.sportdata.org/jjifranking/ranking_main_competitor.php?ranking_country=CYP&ranking_competitor=&ranking_competitor_name=SINODINOS GERASIMOS#ranking_competitor";"ZR TEAM LARNACA";"CYPRUS";"";""


"NE WAZA Cadets boys U10 -27 KG -B";"1";"KHAIRULLIN TIMUR";"http://setopen.sportdata.org/jjifranking/ranking_main_competitor.php?ranking_country=CYP&ranking_competitor=&ranking_competitor_name=KHAIRULLIN TIMUR#ranking_competitor";"KRISTIAN CESTARO JIU JITSU ASSOCIATION";"CYPRUS";"";""
"NE WAZA Cadets boys U10 -27 KG -B";"2";"ZISIMOS NICOLAS";"http://setopen.sportdata.org/jjifranking/ranking_main_competitor.php?ranking_country=CYP&ranking_competitor=&ranking_competitor_name=ZISIMOS NICOLAS#ranking_competitor";"SPARTA ACADEMY";"CYPRUS";"";""
"NE WAZA Cadets boys U10 -27 KG -B";"3";"MALYSHEV NIKOLAI";"http://setopen.sportdata.org/jjifranking/ranking_main_competitor.php?ranking_country=CYP&ranking_competitor=&ranking_competitor_name=MALYSHEV NIKOLAI#ranking_competitor";"KRISTIAN CESTARO JIU JITSU ASSOCIATION";"CYPRUS";"";""
"NE WAZA Cadets boys U10 -27 KG -B";"4";"RIVHOV ANDREI";"http://setopen.sportdata.org/jjifranking/ranking_main_competitor.php?ranking_country=CYP&ranking_competitor=&ranking_competitor_name=RIVHOV ANDREI#ranking_competitor";"JU JUTSU M.A. ALEXANDR KRETOV";"CYPRUS";"";""


"NE WAZA Cadets boys U10 -30 KG -A";"1";"GEORGIOU NIKOLAS";"http://setopen.sportdata.org/jjifranking/ranking_main_competitor.php?ranking_country=CYP&ranking_competitor=&ranking_competitor_name=GEORGIOU NIKOLAS#ranking_competitor";"ATHLETIC CLUB EVAGORAS";"CYPRUS";"";""
"NE WAZA Cadets boys U10 -30 KG -A";"2";"PLATON KIDON";"http://setopen.sportdata.org/jjifranking/ranking_main_competitor.php?ranking_country=CYP&ranking_competitor=&ranking_competitor_name=PLATON KIDON#ranking_competitor";"JU JUTSU M.A. ALEXANDR KRETOV";"CYPRUS";"";""
"NE WAZA Cadets boys U10 -30 KG -A";"3";"REBILLARD DIMITRI";"http://setopen.sportdata.org/jjifranking/ranking_main_competitor.php?ranking_country=CYP&ranking_competitor=&ranking_competitor_name=REBILLARD DIMITRI#ranking_competitor";"KRISTIAN CESTARO JIU JITSU ASSOCIATION";"CYPRUS";"";""
"NE WAZA Cadets boys U10 -30 KG -A";"4";"VALKO ROSTISLAV";"http://setopen.sportdata.org/jjifranking/ranking_main_competitor.php?ranking_country=CYP&ranking_competitor=&ranking_competitor_name=VALKO ROSTISLAV#ranking_competitor";"KRISTIAN CESTARO JIU JITSU ASSOCIATION";"CYPRUS";"";""


"NE WAZA Cadets boys U10 -30 KG -B";"1";"KAIGULOV ROBERT";"http://setopen.sportdata.org/jjifranking/ranking_main_competitor.php?ranking_country=CYP&ranking_competitor=&ranking_competitor_name=KAIGULOV ROBERT#ranking_competitor";"ZR TEAM PAPHOS";"CYPRUS";"";""
"NE WAZA Cadets boys U10 -30 KG -B";"2";"HUIENKO MATVII";"http://setopen.sportdata.org/jjifranking/ranking_main_competitor.php?ranking_country=CYP&ranking_competitor=&ranking_competitor_name=HUIENKO MATVII#ranking_competitor";"BAD DOG BJJ";"CYPRUS";"";""
"NE WAZA Cadets boys U10 -30 KG -B";"3";"KOUKLIS ANDREAS";"http://setopen.sportdata.org/jjifranking/ranking_main_competitor.php?ranking_country=CYP&ranking_competitor=&ranking_competitor_name=KOUKLIS ANDREAS#ranking_competitor";"MEGAS ALEXANDROS";"CYPRUS";"";""


"NE WAZA Cadets boys U10 -30 KG -C";"1";"SKOMAROVSKYY LEV";"http://setopen.sportdata.org/jjifranking/ranking_main_competitor.php?ranking_country=CYP&ranking_competitor=&ranking_competitor_name=SKOMAROVSKYY LEV#ranking_competitor";"KRISTIAN CESTARO JIU JITSU ASSOCIATION";"CYPRUS";"";""
"NE WAZA Cadets boys U10 -30 KG -C";"2";"TRACHILIS IOANNIS";"http://setopen.sportdata.org/jjifranking/ranking_main_competitor.php?ranking_country=CYP&ranking_competitor=&ranking_competitor_name=TRACHILIS IOANNIS#ranking_competitor";"SPARTA ACADEMY";"CYPRUS";"";""
"NE WAZA Cadets boys U10 -30 KG -C";"3";"SHLIAKHOV LEV";"http://setopen.sportdata.org/jjifranking/ranking_main_competitor.php?ranking_country=CYP&ranking_competitor=&ranking_competitor_name=SHLIAKHOV LEV#ranking_competitor";"JU JUTSU M.A. ALEXANDR KRETOV";"CYPRUS";"";""


"NE WAZA Cadets boys U10 -38 KG";"1";"BOGODANOV ALEKSANDR";"http://setopen.sportdata.org/jjifranking/ranking_main_competitor.php?ranking_country=CYP&ranking_competitor=&ranking_competitor_name=BOGODANOV ALEKSANDR#ranking_competitor";"KRISTIAN CESTARO JIU JITSU ASSOCIATION";"CYPRUS";"";""
"NE WAZA Cadets boys U10 -38 KG";"2";"SHUM DANIIL";"http://setopen.sportdata.org/jjifranking/ranking_main_competitor.php?ranking_country=CYP&ranking_competitor=&ranking_competitor_name=SHUM DANIIL#ranking_competitor";"KRISTIAN CESTARO JIU JITSU ASSOCIATION";"CYPRUS";"";""
"NE WAZA Cadets boys U10 -38 KG";"3";"TSANTIDIS LEON";"http://setopen.sportdata.org/jjifranking/ranking_main_competitor.php?ranking_country=CYP&ranking_competitor=&ranking_competitor_name=TSANTIDIS LEON#ranking_competitor";"KRISTIAN CESTARO JIU JITSU ASSOCIATION";"CYPRUS";"";""
"NE WAZA Cadets boys U10 -38 KG";"4";"MICHAEL MICHALIS";"http://setopen.sportdata.org/jjifranking/ranking_main_competitor.php?ranking_country=CYP&ranking_competitor=&ranking_competitor_name=MICHAEL MICHALIS#ranking_competitor";"MEGAS ALEXANDROS";"CYPRUS";"";""


"NE WAZA Cadets boys U10 -42 KG";"1";"ANTONIOU PANAGIOTIS";"http://setopen.sportdata.org/jjifranking/ranking_main_competitor.php?ranking_country=CYP&ranking_competitor=&ranking_competitor_name=ANTONIOU PANAGIOTIS#ranking_competitor";"ATHLETIC CLUB EVAGORAS";"CYPRUS";"";""
"NE WAZA Cadets boys U10 -42 KG";"2";"FILATOV MAKSIM";"http://setopen.sportdata.org/jjifranking/ranking_main_competitor.php?ranking_country=CYP&ranking_competitor=&ranking_competitor_name=FILATOV MAKSIM#ranking_competitor";"KRISTIAN CESTARO JIU JITSU ASSOCIATION";"CYPRUS";"";""


"NE WAZA Cadets boys U12 +50 KG";"1";"CHRISTOFI GIORGOS";"http://setopen.sportdata.org/jjifranking/ranking_main_competitor.php?ranking_country=CYP&ranking_competitor=&ranking_competitor_name=CHRISTOFI GIORGOS#ranking_competitor";"ATHLETIC CLUB EVAGORAS";"CYPRUS";"";""
"NE WAZA Cadets boys U12 +50 KG";"2";"KAGIAS ANDREAS";"http://setopen.sportdata.org/jjifranking/ranking_main_competitor.php?ranking_country=CYP&ranking_competitor=&ranking_competitor_name=KAGIAS ANDREAS#ranking_competitor";"ATHLETIC CLUB EVAGORAS";"CYPRUS";"";""


"NE WAZA Cadets boys U12 -30 KG -A";"1";"ANCEVSKI HUGO";"http://setopen.sportdata.org/jjifranking/ranking_main_competitor.php?ranking_country=CYP&ranking_competitor=&ranking_competitor_name=ANCEVSKI HUGO#ranking_competitor";"KRISTIAN CESTARO JIU JITSU ASSOCIATION";"CYPRUS";"";""
"NE WAZA Cadets boys U12 -30 KG -A";"2";"MARTI ANTREAS";"http://setopen.sportdata.org/jjifranking/ranking_main_competitor.php?ranking_country=CYP&ranking_competitor=&ranking_competitor_name=MARTI ANTREAS#ranking_competitor";"ATHLETIC CLUB EVAGORAS";"CYPRUS";"";""
"NE WAZA Cadets boys U12 -30 KG -A";"3";"CONSTANTINOU SPYROS";"http://setopen.sportdata.org/jjifranking/ranking_main_competitor.php?ranking_country=CYP&ranking_competitor=&ranking_competitor_name=CONSTANTINOU SPYROS#ranking_competitor";"ATHLETIC CLUB EVAGORAS";"CYPRUS";"";""


"NE WAZA Cadets boys U12 -30 KG -B";"1";"SIMONIAN GLEB";"http://setopen.sportdata.org/jjifranking/ranking_main_competitor.php?ranking_country=CYP&ranking_competitor=&ranking_competitor_name=SIMONIAN GLEB#ranking_competitor";"KRISTIAN CESTARO JIU JITSU ASSOCIATION";"CYPRUS";"";""
"NE WAZA Cadets boys U12 -30 KG -B";"2";"ILIA LOUKAS";"http://setopen.sportdata.org/jjifranking/ranking_main_competitor.php?ranking_country=CYP&ranking_competitor=&ranking_competitor_name=ILIA LOUKAS#ranking_competitor";"ATHLETIC CLUB EVAGORAS";"CYPRUS";"";""
"NE WAZA Cadets boys U12 -30 KG -B";"3";"KLASHIS CHRISTOS";"http://setopen.sportdata.org/jjifranking/ranking_main_competitor.php?ranking_country=CYP&ranking_competitor=&ranking_competitor_name=KLASHIS CHRISTOS#ranking_competitor";"ATHLETIC CLUB EVAGORAS";"CYPRUS";"";""


"NE WAZA Cadets boys U12 -34 KG -A";"1";"CHERNYI KRISTIAN";"http://setopen.sportdata.org/jjifranking/ranking_main_competitor.php?ranking_country=CYP&ranking_competitor=&ranking_competitor_name=CHERNYI KRISTIAN#ranking_competitor";"KRISTIAN CESTARO JIU JITSU ASSOCIATION";"CYPRUS";"";""
"NE WAZA Cadets boys U12 -34 KG -A";"2";"SHUMILOV KONSTANTIN";"http://setopen.sportdata.org/jjifranking/ranking_main_competitor.php?ranking_country=CYP&ranking_competitor=&ranking_competitor_name=SHUMILOV KONSTANTIN#ranking_competitor";"JU JUTSU M.A. ALEXANDR KRETOV";"CYPRUS";"";""
"NE WAZA Cadets boys U12 -34 KG -A";"3";"ALEXOPOULOS KYRIAKOS";"http://setopen.sportdata.org/jjifranking/ranking_main_competitor.php?ranking_country=CYP&ranking_competitor=&ranking_competitor_name=ALEXOPOULOS KYRIAKOS#ranking_competitor";"MEGAS ALEXANDROS";"CYPRUS";"";""


"NE WAZA Cadets boys U12 -34 KG -B";"1";"GRUNIN MAXIMILIAN";"http://setopen.sportdata.org/jjifranking/ranking_main_competitor.php?ranking_country=CYP&ranking_competitor=&ranking_competitor_name=GRUNIN MAXIMILIAN#ranking_competitor";"KRISTIAN CESTARO JIU JITSU ASSOCIATION";"CYPRUS";"";""
"NE WAZA Cadets boys U12 -34 KG -B";"2";"TSUKANOV VICTOR";"http://setopen.sportdata.org/jjifranking/ranking_main_competitor.php?ranking_country=CYP&ranking_competitor=&ranking_competitor_name=TSUKANOV VICTOR#ranking_competitor";"JU JUTSU M.A. ALEXANDR KRETOV";"CYPRUS";"";""
"NE WAZA Cadets boys U12 -34 KG -B";"3";"SARDALOS KONSTANTINOS";"http://setopen.sportdata.org/jjifranking/ranking_main_competitor.php?ranking_country=CYP&ranking_competitor=&ranking_competitor_name=SARDALOS KONSTANTINOS#ranking_competitor";"ATHLETIC CLUB EVAGORAS";"CYPRUS";"";""
"NE WAZA Cadets boys U12 -34 KG -B";"4";"KRIVCHINKOV STAVR";"http://setopen.sportdata.org/jjifranking/ranking_main_competitor.php?ranking_country=CYP&ranking_competitor=&ranking_competitor_name=KRIVCHINKOV STAVR#ranking_competitor";"KRISTIAN CESTARO JIU JITSU ASSOCIATION";"CYPRUS";"";""


"NE WAZA Cadets boys U12 -34 KG -C";"1";"YIANNAKAS MODESTOS";"http://setopen.sportdata.org/jjifranking/ranking_main_competitor.php?ranking_country=CYP&ranking_competitor=&ranking_competitor_name=YIANNAKAS MODESTOS#ranking_competitor";"ATHLETIC CLUB EVAGORAS";"CYPRUS";"";""
"NE WAZA Cadets boys U12 -34 KG -C";"2";"GUDZ VLADIMIR";"http://setopen.sportdata.org/jjifranking/ranking_main_competitor.php?ranking_country=CYP&ranking_competitor=&ranking_competitor_name=GUDZ VLADIMIR#ranking_competitor";"KRISTIAN CESTARO JIU JITSU ASSOCIATION";"CYPRUS";"";""
"NE WAZA Cadets boys U12 -34 KG -C";"3";"SHUMILOV ALEKSANDR";"http://setopen.sportdata.org/jjifranking/ranking_main_competitor.php?ranking_country=CYP&ranking_competitor=&ranking_competitor_name=SHUMILOV ALEKSANDR#ranking_competitor";"JU JUTSU M.A. ALEXANDR KRETOV";"CYPRUS";"";""


"NE WAZA Cadets boys U12 -38 KG -A";"1";"SOKOLOV ALEXEY";"http://setopen.sportdata.org/jjifranking/ranking_main_competitor.php?ranking_country=CYP&ranking_competitor=&ranking_competitor_name=SOKOLOV ALEXEY#ranking_competitor";"JU JUTSU M.A. ALEXANDR KRETOV";"CYPRUS";"";""
"NE WAZA Cadets boys U12 -38 KG -A";"2";"BAKHAEV NIKITA";"http://setopen.sportdata.org/jjifranking/ranking_main_competitor.php?ranking_country=CYP&ranking_competitor=&ranking_competitor_name=BAKHAEV NIKITA#ranking_competitor";"JU JUTSU M.A. ALEXANDR KRETOV";"CYPRUS";"";""
"NE WAZA Cadets boys U12 -38 KG -A";"3";"KOMOLKIN EGOR";"http://setopen.sportdata.org/jjifranking/ranking_main_competitor.php?ranking_country=CYP&ranking_competitor=&ranking_competitor_name=KOMOLKIN EGOR#ranking_competitor";"JU JUTSU M.A. ALEXANDR KRETOV";"CYPRUS";"";""
"NE WAZA Cadets boys U12 -38 KG -A";"4";"KONSTANTINOU ALEXANDROS";"http://setopen.sportdata.org/jjifranking/ranking_main_competitor.php?ranking_country=CYP&ranking_competitor=&ranking_competitor_name=KONSTANTINOU ALEXANDROS#ranking_competitor";"ATHLETIC CLUB EVAGORAS";"CYPRUS";"";""


"NE WAZA Cadets boys U12 -38 KG -B";"1";"LIRKACHEV OLEGK";"http://setopen.sportdata.org/jjifranking/ranking_main_competitor.php?ranking_country=CYP&ranking_competitor=&ranking_competitor_name=LIRKACHEV OLEGK#ranking_competitor";"JU JUTSU M.A. ALEXANDR KRETOV";"CYPRUS";"";""
"NE WAZA Cadets boys U12 -38 KG -B";"2";"KARSLIAN NIKITA";"http://setopen.sportdata.org/jjifranking/ranking_main_competitor.php?ranking_country=CYP&ranking_competitor=&ranking_competitor_name=KARSLIAN NIKITA#ranking_competitor";"JU JUTSU M.A. ALEXANDR KRETOV";"CYPRUS";"";""
"NE WAZA Cadets boys U12 -38 KG -B";"3";"SPYROU DEMETRES";"http://setopen.sportdata.org/jjifranking/ranking_main_competitor.php?ranking_country=CYP&ranking_competitor=&ranking_competitor_name=SPYROU DEMETRES#ranking_competitor";"SPARTA ACADEMY";"CYPRUS";"";""
"NE WAZA Cadets boys U12 -38 KG -B";"4";"DYRDA IVAN";"http://setopen.sportdata.org/jjifranking/ranking_main_competitor.php?ranking_country=CYP&ranking_competitor=&ranking_competitor_name=DYRDA IVAN#ranking_competitor";"JU JUTSU M.A. ALEXANDR KRETOV";"CYPRUS";"";""


"NE WAZA Cadets boys U12 -42 KG -A";"1";"DIACHENKO IVAN";"http://setopen.sportdata.org/jjifranking/ranking_main_competitor.php?ranking_country=CYP&ranking_competitor=&ranking_competitor_name=DIACHENKO IVAN#ranking_competitor";"JU JUTSU M.A. ALEXANDR KRETOV";"CYPRUS";"";""
"NE WAZA Cadets boys U12 -42 KG -A";"2";"KUPTSOV ARTYOM";"http://setopen.sportdata.org/jjifranking/ranking_main_competitor.php?ranking_country=CYP&ranking_competitor=&ranking_competitor_name=KUPTSOV ARTYOM#ranking_competitor";"KRISTIAN CESTARO JIU JITSU ASSOCIATION";"CYPRUS";"";""
"NE WAZA Cadets boys U12 -42 KG -A";"3";"ARCHONTOUS PANAYIOTIS";"http://setopen.sportdata.org/jjifranking/ranking_main_competitor.php?ranking_country=CYP&ranking_competitor=&ranking_competitor_name=ARCHONTOUS PANAYIOTIS#ranking_competitor";"ATHLETIC CLUB EVAGORAS";"CYPRUS";"";""
"NE WAZA Cadets boys U12 -42 KG -A";"4";"KYRIAKOU CHRISTOFOROS";"http://setopen.sportdata.org/jjifranking/ranking_main_competitor.php?ranking_country=CYP&ranking_competitor=&ranking_competitor_name=KYRIAKOU CHRISTOFOROS#ranking_competitor";"MEGAS ALEXANDROS";"CYPRUS";"";""


"NE WAZA Cadets boys U12 -42 KG -B";"1";"SERGIYENKO DMITRIY";"http://setopen.sportdata.org/jjifranking/ranking_main_competitor.php?ranking_country=CYP&ranking_competitor=&ranking_competitor_name=SERGIYENKO DMITRIY#ranking_competitor";"KRISTIAN CESTARO JIU JITSU ASSOCIATION";"CYPRUS";"";""
"NE WAZA Cadets boys U12 -42 KG -B";"2";"KHAIRULLIN MURAT";"http://setopen.sportdata.org/jjifranking/ranking_main_competitor.php?ranking_country=CYP&ranking_competitor=&ranking_competitor_name=KHAIRULLIN MURAT#ranking_competitor";"KRISTIAN CESTARO JIU JITSU ASSOCIATION";"CYPRUS";"";""
"NE WAZA Cadets boys U12 -42 KG -B";"3";"ASSIAS LOUKAS";"http://setopen.sportdata.org/jjifranking/ranking_main_competitor.php?ranking_country=CYP&ranking_competitor=&ranking_competitor_name=ASSIAS LOUKAS#ranking_competitor";"ATHLETIC CLUB EVAGORAS";"CYPRUS";"";""
"NE WAZA Cadets boys U12 -42 KG -B";"4";"CHEREMNYKH ANDREY";"http://setopen.sportdata.org/jjifranking/ranking_main_competitor.php?ranking_country=CYP&ranking_competitor=&ranking_competitor_name=CHEREMNYKH ANDREY#ranking_competitor";"HOJJ";"CYPRUS";"";""


"NE WAZA Cadets boys U14 -42 KG -A";"1";"KOMOLKIN EVGENI";"http://setopen.sportdata.org/jjifranking/ranking_main_competitor.php?ranking_country=CYP&ranking_competitor=&ranking_competitor_name=KOMOLKIN EVGENI#ranking_competitor";"JU JUTSU M.A. ALEXANDR KRETOV";"CYPRUS";"";""
"NE WAZA Cadets boys U14 -42 KG -A";"2";"ZAITSEV ROMAN";"http://setopen.sportdata.org/jjifranking/ranking_main_competitor.php?ranking_country=CYP&ranking_competitor=&ranking_competitor_name=ZAITSEV ROMAN#ranking_competitor";"KRISTIAN CESTARO JIU JITSU ASSOCIATION";"CYPRUS";"";""
"NE WAZA Cadets boys U14 -42 KG -A";"3";"ILIA GIORGOS";"http://setopen.sportdata.org/jjifranking/ranking_main_competitor.php?ranking_country=CYP&ranking_competitor=&ranking_competitor_name=ILIA GIORGOS#ranking_competitor";"ATHLETIC CLUB EVAGORAS";"CYPRUS";"";""


"NE WAZA Cadets boys U14 -42 KG -B";"1";"NESTOR SEMENIUK";"http://setopen.sportdata.org/jjifranking/ranking_main_competitor.php?ranking_country=CYP&ranking_competitor=&ranking_competitor_name=NESTOR SEMENIUK#ranking_competitor";"JU JUTSU M.A. ALEXANDR KRETOV";"CYPRUS";"";""
"NE WAZA Cadets boys U14 -42 KG -B";"2";"CHRISTOU GIORGOS";"http://setopen.sportdata.org/jjifranking/ranking_main_competitor.php?ranking_country=CYP&ranking_competitor=&ranking_competitor_name=CHRISTOU GIORGOS#ranking_competitor";"ZR TEAM LARNACA";"CYPRUS";"";""
"NE WAZA Cadets boys U14 -42 KG -B";"3";"KOUMASTA DEMETRIS";"http://setopen.sportdata.org/jjifranking/ranking_main_competitor.php?ranking_country=CYP&ranking_competitor=&ranking_competitor_name=KOUMASTA DEMETRIS#ranking_competitor";"ATHLETIC CLUB EVAGORAS";"CYPRUS";"";""
"NE WAZA Cadets boys U14 -42 KG -B";"4";"ZASKALET DENIS";"http://setopen.sportdata.org/jjifranking/ranking_main_competitor.php?ranking_country=CYP&ranking_competitor=&ranking_competitor_name=ZASKALET DENIS#ranking_competitor";"JU JUTSU M.A. ALEXANDR KRETOV";"CYPRUS";"";""


"NE WAZA Cadets boys U14 -46 KG";"1";"DIOGENUS PANAYIOTIS";"http://setopen.sportdata.org/jjifranking/ranking_main_competitor.php?ranking_country=CYP&ranking_competitor=&ranking_competitor_name=DIOGENUS PANAYIOTIS#ranking_competitor";"JU JUTSU M.A. ALEXANDR KRETOV";"CYPRUS";"";""
"NE WAZA Cadets boys U14 -46 KG";"2";"DMITRIEV IVAN";"http://setopen.sportdata.org/jjifranking/ranking_main_competitor.php?ranking_country=CYP&ranking_competitor=&ranking_competitor_name=DMITRIEV IVAN#ranking_competitor";"KRISTIAN CESTARO JIU JITSU ASSOCIATION";"CYPRUS";"";""
"NE WAZA Cadets boys U14 -46 KG";"3";"CHERNENKO GEORGE";"http://setopen.sportdata.org/jjifranking/ranking_main_competitor.php?ranking_country=CYP&ranking_competitor=&ranking_competitor_name=CHERNENKO GEORGE#ranking_competitor";"JU JUTSU M.A. ALEXANDR KRETOV";"CYPRUS";"";""
"NE WAZA Cadets boys U14 -46 KG";"4";"DEMETRIOU NIKOLAS";"http://setopen.sportdata.org/jjifranking/ranking_main_competitor.php?ranking_country=CYP&ranking_competitor=&ranking_competitor_name=DEMETRIOU NIKOLAS#ranking_competitor";"ATHLETIC CLUB EVAGORAS";"CYPRUS";"";""
"NE WAZA Cadets boys U14 -46 KG";"5";"IOSHPA VLADIMIR";"http://setopen.sportdata.org/jjifranking/ranking_main_competitor.php?ranking_country=CYP&ranking_competitor=&ranking_competitor_name=IOSHPA VLADIMIR#ranking_competitor";"KRISTIAN CESTARO JIU JITSU ASSOCIATION";"CYPRUS";"";""


"NE WAZA Cadets boys U14 -55 KG";"1";"PRODROMOU GEORGIOS";"http://setopen.sportdata.org/jjifranking/ranking_main_competitor.php?ranking_country=CYP&ranking_competitor=&ranking_competitor_name=PRODROMOU GEORGIOS#ranking_competitor";"JU JUTSU M.A. ALEXANDR KRETOV";"CYPRUS";"";""
"NE WAZA Cadets boys U14 -55 KG";"2";"SOKOLOV OLEGK";"http://setopen.sportdata.org/jjifranking/ranking_main_competitor.php?ranking_country=CYP&ranking_competitor=&ranking_competitor_name=SOKOLOV OLEGK#ranking_competitor";"JU JUTSU M.A. ALEXANDR KRETOV";"CYPRUS";"";""
"NE WAZA Cadets boys U14 -55 KG";"3";"CONSTANTINOU PRODROMOS";"http://setopen.sportdata.org/jjifranking/ranking_main_competitor.php?ranking_country=CYP&ranking_competitor=&ranking_competitor_name=CONSTANTINOU PRODROMOS#ranking_competitor";"SPARTA ACADEMY";"CYPRUS";"";""


"NE WAZA Cadets boys U14 -60 KG";"1";"KIRIL KOROVIN";"http://setopen.sportdata.org/jjifranking/ranking_main_competitor.php?ranking_country=CYP&ranking_competitor=&ranking_competitor_name=KIRIL KOROVIN#ranking_competitor";"JU JUTSU M.A. ALEXANDR KRETOV";"CYPRUS";"";""
"NE WAZA Cadets boys U14 -60 KG";"2";"RENO GAMBRIEL";"http://setopen.sportdata.org/jjifranking/ranking_main_competitor.php?ranking_country=CYP&ranking_competitor=&ranking_competitor_name=RENO GAMBRIEL#ranking_competitor";"ATHLETIC CLUB EVAGORAS";"CYPRUS";"";""


"NE WAZA Cadets boys U14 -66 KG";"1";"ZOUVANAS STAVROS";"http://setopen.sportdata.org/jjifranking/ranking_main_competitor.php?ranking_country=CYP&ranking_competitor=&ranking_competitor_name=ZOUVANAS STAVROS#ranking_competitor";"MEGAS ALEXANDROS";"CYPRUS";"";""
"NE WAZA Cadets boys U14 -66 KG";"2";"PANAYI ZACHARIAS";"http://setopen.sportdata.org/jjifranking/ranking_main_competitor.php?ranking_country=CYP&ranking_competitor=&ranking_competitor_name=PANAYI ZACHARIAS#ranking_competitor";"ATHLETIC CLUB EVAGORAS";"CYPRUS";"";""
"NE WAZA Cadets boys U14 -66 KG";"3";"CHRISTOFI MARIOS";"http://setopen.sportdata.org/jjifranking/ranking_main_competitor.php?ranking_country=CYP&ranking_competitor=&ranking_competitor_name=CHRISTOFI MARIOS#ranking_competitor";"ATHLETIC CLUB EVAGORAS";"CYPRUS";"";""
"NE WAZA Cadets boys U14 -66 KG";"4";"SEMENOV VLADISLAV";"http://setopen.sportdata.org/jjifranking/ranking_main_competitor.php?ranking_country=CYP&ranking_competitor=&ranking_competitor_name=SEMENOV VLADISLAV#ranking_competitor";"JU JUTSU M.A. ALEXANDR KRETOV";"CYPRUS";"";""


"NE WAZA Cadets boys U16 -60 KG -A";"1";"KASYANCHUR DANYLO";"http://setopen.sportdata.org/jjifranking/ranking_main_competitor.php?ranking_country=CYP&ranking_competitor=&ranking_competitor_name=KASYANCHUR DANYLO#ranking_competitor";"JU JUTSU M.A. ALEXANDR KRETOV";"CYPRUS";"";""
"NE WAZA Cadets boys U16 -60 KG -A";"2";"IOANNOU ANDREAS-ION";"http://setopen.sportdata.org/jjifranking/ranking_main_competitor.php?ranking_country=CYP&ranking_competitor=&ranking_competitor_name=IOANNOU ANDREAS-ION#ranking_competitor";"ATHLETIC CLUB EVAGORAS";"CYPRUS";"";""
"NE WAZA Cadets boys U16 -60 KG -A";"3";"MATVEEV ILYA";"http://setopen.sportdata.org/jjifranking/ranking_main_competitor.php?ranking_country=CYP&ranking_competitor=&ranking_competitor_name=MATVEEV ILYA#ranking_competitor";"KRISTIAN CESTARO JIU JITSU ASSOCIATION";"CYPRUS";"";""
"NE WAZA Cadets boys U16 -60 KG -A";"4";"GEORGIOU CHRISTOS";"http://setopen.sportdata.org/jjifranking/ranking_main_competitor.php?ranking_country=CYP&ranking_competitor=&ranking_competitor_name=GEORGIOU CHRISTOS#ranking_competitor";"ATHLETIC CLUB EVAGORAS";"CYPRUS";"";""


"NE WAZA Cadets boys U16 -60 KG -B";"1";"MUGATTAROV ISKANDER";"http://setopen.sportdata.org/jjifranking/ranking_main_competitor.php?ranking_country=CYP&ranking_competitor=&ranking_competitor_name=MUGATTAROV ISKANDER#ranking_competitor";"JU JUTSU M.A. ALEXANDR KRETOV";"CYPRUS";"";""
"NE WAZA Cadets boys U16 -60 KG -B";"2";"CHARALAMBOUS MARINOS";"http://setopen.sportdata.org/jjifranking/ranking_main_competitor.php?ranking_country=CYP&ranking_competitor=&ranking_competitor_name=CHARALAMBOUS MARINOS#ranking_competitor";"SPARTA ACADEMY";"CYPRUS";"";""
"NE WAZA Cadets boys U16 -60 KG -B";"3";"MIRATIDES THANASIS";"http://setopen.sportdata.org/jjifranking/ranking_main_competitor.php?ranking_country=CYP&ranking_competitor=&ranking_competitor_name=MIRATIDES THANASIS#ranking_competitor";"MEGAS ALEXANDROS";"CYPRUS";"";""


"NE WAZA Cadets boys U16 -66 KG";"1";"PARPAS MAMAS";"http://setopen.sportdata.org/jjifranking/ranking_main_competitor.php?ranking_country=CYP&ranking_competitor=&ranking_competitor_name=PARPAS MAMAS#ranking_competitor";"ZR TEAM LARNACA";"CYPRUS";"";""
"NE WAZA Cadets boys U16 -66 KG";"2";"CHRISTOU COSTAS";"http://setopen.sportdata.org/jjifranking/ranking_main_competitor.php?ranking_country=CYP&ranking_competitor=&ranking_competitor_name=CHRISTOU COSTAS#ranking_competitor";"ZR TEAM LARNACA";"CYPRUS";"";""
"NE WAZA Cadets boys U16 -66 KG";"3";"SALIMSHIN ARTUR";"http://setopen.sportdata.org/jjifranking/ranking_main_competitor.php?ranking_country=CYP&ranking_competitor=&ranking_competitor_name=SALIMSHIN ARTUR#ranking_competitor";"KRISTIAN CESTARO JIU JITSU ASSOCIATION";"CYPRUS";"";""
"NE WAZA Cadets boys U16 -66 KG";"4";"GERIMOU AIMILIOS FANOURIOS";"http://setopen.sportdata.org/jjifranking/ranking_main_competitor.php?ranking_country=CYP&ranking_competitor=&ranking_competitor_name=GERIMOU AIMILIOS FANOURIOS#ranking_competitor";"ATHLETIC CLUB EVAGORAS";"CYPRUS";"";""
"NE WAZA Cadets boys U16 -66 KG";"5";"ZASKALET SERGEI";"http://setopen.sportdata.org/jjifranking/ranking_main_competitor.php?ranking_country=CYP&ranking_competitor=&ranking_competitor_name=ZASKALET SERGEI#ranking_competitor";"JU JUTSU M.A. ALEXANDR KRETOV";"CYPRUS";"";""


"NE WAZA Cadets boys U16 -73 KG";"1";"LIRKACHEV ALEKSANDR";"http://setopen.sportdata.org/jjifranking/ranking_main_competitor.php?ranking_country=CYP&ranking_competitor=&ranking_competitor_name=LIRKACHEV ALEKSANDR#ranking_competitor";"JU JUTSU M.A. ALEXANDR KRETOV";"CYPRUS";"";""
"NE WAZA Cadets boys U16 -73 KG";"2";"KOLOTOV KIRILL";"http://setopen.sportdata.org/jjifranking/ranking_main_competitor.php?ranking_country=CYP&ranking_competitor=&ranking_competitor_name=KOLOTOV KIRILL#ranking_competitor";"JU JUTSU M.A. ALEXANDR KRETOV";"CYPRUS";"";""
"NE WAZA Cadets boys U16 -73 KG";"3";"KAMANETS NICOLAS";"http://setopen.sportdata.org/jjifranking/ranking_main_competitor.php?ranking_country=CYP&ranking_competitor=&ranking_competitor_name=KAMANETS NICOLAS#ranking_competitor";"JU JUTSU M.A. ALEXANDR KRETOV";"CYPRUS";"";""


"NE WAZA Cadets girls U10 -28 KG";"1";"VRACHIMI ELENA";"http://setopen.sportdata.org/jjifranking/ranking_main_competitor.php?ranking_country=CYP&ranking_competitor=&ranking_competitor_name=VRACHIMI ELENA#ranking_competitor";"ATHLETIC CLUB EVAGORAS";"CYPRUS";"";""
"NE WAZA Cadets girls U10 -28 KG";"2";"PARPA EVANTHIA";"http://setopen.sportdata.org/jjifranking/ranking_main_competitor.php?ranking_country=CYP&ranking_competitor=&ranking_competitor_name=PARPA EVANTHIA#ranking_competitor";"ZR TEAM LARNACA";"CYPRUS";"";""
"NE WAZA Cadets girls U10 -28 KG";"3";"NIKOLAIDOU VASILIKI";"http://setopen.sportdata.org/jjifranking/ranking_main_competitor.php?ranking_country=CYP&ranking_competitor=&ranking_competitor_name=NIKOLAIDOU VASILIKI#ranking_competitor";"ATHLETIC CLUB EVAGORAS";"CYPRUS";"";""
"NE WAZA Cadets girls U10 -28 KG";"4";"CONSTANTINIDOU VASILIKI";"http://setopen.sportdata.org/jjifranking/ranking_main_competitor.php?ranking_country=CYP&ranking_competitor=&ranking_competitor_name=CONSTANTINIDOU VASILIKI#ranking_competitor";"ZR TEAM LARNACA";"CYPRUS";"";""


"NE WAZA Cadets girls U10 -32 KG";"1";"DIOGENUS VALERIA";"http://setopen.sportdata.org/jjifranking/ranking_main_competitor.php?ranking_country=CYP&ranking_competitor=&ranking_competitor_name=DIOGENUS VALERIA#ranking_competitor";"JU JUTSU M.A. ALEXANDR KRETOV";"CYPRUS";"";""
"NE WAZA Cadets girls U10 -32 KG";"2";"PANAYI EMILI";"http://setopen.sportdata.org/jjifranking/ranking_main_competitor.php?ranking_country=CYP&ranking_competitor=&ranking_competitor_name=PANAYI EMILI#ranking_competitor";"ATHLETIC CLUB EVAGORAS";"CYPRUS";"";""
"NE WAZA Cadets girls U10 -32 KG";"3";"CHARALAMBOUS ANDRIANA";"http://setopen.sportdata.org/jjifranking/ranking_main_competitor.php?ranking_country=CYP&ranking_competitor=&ranking_competitor_name=CHARALAMBOUS ANDRIANA#ranking_competitor";"BAD DOG BJJ";"CYPRUS";"";""


"NE WAZA Cadets girls U10 -36 KG";"1";"ANUCHINA ELIZAVETA";"http://setopen.sportdata.org/jjifranking/ranking_main_competitor.php?ranking_country=CYP&ranking_competitor=&ranking_competitor_name=ANUCHINA ELIZAVETA#ranking_competitor";"JU JUTSU M.A. ALEXANDR KRETOV";"CYPRUS";"";""
"NE WAZA Cadets girls U10 -36 KG";"2";"VENIZELOU CHRISTINA";"http://setopen.sportdata.org/jjifranking/ranking_main_competitor.php?ranking_country=CYP&ranking_competitor=&ranking_competitor_name=VENIZELOU CHRISTINA#ranking_competitor";"SPARTA ACADEMY";"CYPRUS";"";""


"NE WAZA Cadets girls U12 -32 KG";"1";"CHARALAMBOUS LOUKIANA";"http://setopen.sportdata.org/jjifranking/ranking_main_competitor.php?ranking_country=CYP&ranking_competitor=&ranking_competitor_name=CHARALAMBOUS LOUKIANA#ranking_competitor";"SPARTA ACADEMY";"CYPRUS";"";""
"NE WAZA Cadets girls U12 -32 KG";"2";"PETROU ANNA";"http://setopen.sportdata.org/jjifranking/ranking_main_competitor.php?ranking_country=CYP&ranking_competitor=&ranking_competitor_name=PETROU ANNA#ranking_competitor";"ATHLETIC CLUB EVAGORAS";"CYPRUS";"";""


"NE WAZA Cadets girls U12 -40 KG";"1";"KARSOUMA MARIAM";"http://setopen.sportdata.org/jjifranking/ranking_main_competitor.php?ranking_country=CYP&ranking_competitor=&ranking_competitor_name=KARSOUMA MARIAM#ranking_competitor";"ATHLETIC CLUB EVAGORAS";"CYPRUS";"";""
"NE WAZA Cadets girls U12 -40 KG";"2";"MARKELOVA MARGARITA";"http://setopen.sportdata.org/jjifranking/ranking_main_competitor.php?ranking_country=CYP&ranking_competitor=&ranking_competitor_name=MARKELOVA MARGARITA#ranking_competitor";"JU JUTSU M.A. ALEXANDR KRETOV";"CYPRUS";"";""


"NE WAZA Cadets girls U14 -52 KG -A";"1";"PANAGI KYRIAKI";"http://setopen.sportdata.org/jjifranking/ranking_main_competitor.php?ranking_country=CYP&ranking_competitor=&ranking_competitor_name=PANAGI KYRIAKI#ranking_competitor";"MEGAS ALEXANDROS";"CYPRUS";"";""
"NE WAZA Cadets girls U14 -52 KG -A";"2";"PETROU ELLI";"http://setopen.sportdata.org/jjifranking/ranking_main_competitor.php?ranking_country=CYP&ranking_competitor=&ranking_competitor_name=PETROU ELLI#ranking_competitor";"MEGAS ALEXANDROS";"CYPRUS";"";""
"NE WAZA Cadets girls U14 -52 KG -A";"3";"DROUSHIOTI KATERINA";"http://setopen.sportdata.org/jjifranking/ranking_main_competitor.php?ranking_country=CYP&ranking_competitor=&ranking_competitor_name=DROUSHIOTI KATERINA#ranking_competitor";"ATHLETIC CLUB EVAGORAS";"CYPRUS";"";""


"NE WAZA Cadets girls U14 -52 KG -B";"1";"LAMBROU EIRINI";"http://setopen.sportdata.org/jjifranking/ranking_main_competitor.php?ranking_country=CYP&ranking_competitor=&ranking_competitor_name=LAMBROU EIRINI#ranking_competitor";"SPARTA ACADEMY";"CYPRUS";"";""
"NE WAZA Cadets girls U14 -52 KG -B";"2";"KAZAMIA THEA";"http://setopen.sportdata.org/jjifranking/ranking_main_competitor.php?ranking_country=CYP&ranking_competitor=&ranking_competitor_name=KAZAMIA THEA#ranking_competitor";"MEGAS ALEXANDROS";"CYPRUS";"";""
"NE WAZA Cadets girls U14 -52 KG -B";"3";"RADUTU REVEKA";"http://setopen.sportdata.org/jjifranking/ranking_main_competitor.php?ranking_country=CYP&ranking_competitor=&ranking_competitor_name=RADUTU REVEKA#ranking_competitor";"MEGAS ALEXANDROS";"CYPRUS";"";""


"NE WAZA Cadets girls U14 -57 KG";"1";"PANAGI KYRIAKI";"http://setopen.sportdata.org/jjifranking/ranking_main_competitor.php?ranking_country=CYP&ranking_competitor=&ranking_competitor_name=PANAGI KYRIAKI#ranking_competitor";"MEGAS ALEXANDROS";"CYPRUS";"";""
"NE WAZA Cadets girls U14 -57 KG";"2";"SARKISIAN EKATERINA";"http://setopen.sportdata.org/jjifranking/ranking_main_competitor.php?ranking_country=CYP&ranking_competitor=&ranking_competitor_name=SARKISIAN EKATERINA#ranking_competitor";"JU JUTSU M.A. ALEXANDR KRETOV";"CYPRUS";"";""


"NE WAZA GIRLS U08 -22 KG";"1";"BONDARENKO ALISA";"http://setopen.sportdata.org/jjifranking/ranking_main_competitor.php?ranking_country=CYP&ranking_competitor=&ranking_competitor_name=BONDARENKO ALISA#ranking_competitor";"BAD DOG BJJ";"CYPRUS";"";""
"NE WAZA GIRLS U08 -22 KG";"2";"PIPINI IOKASTI";"http://setopen.sportdata.org/jjifranking/ranking_main_competitor.php?ranking_country=CYP&ranking_competitor=&ranking_competitor_name=PIPINI IOKASTI#ranking_competitor";"ATHLETIC CLUB EVAGORAS";"CYPRUS";"";""


"NE WAZA GIRLS U08 -32 KG";"1";"ALISHA URUKOVA";"http://setopen.sportdata.org/jjifranking/ranking_main_competitor.php?ranking_country=CYP&ranking_competitor=&ranking_competitor_name=ALISHA URUKOVA#ranking_competitor";"JU JUTSU M.A. ALEXANDR KRETOV";"CYPRUS";"";""
"NE WAZA GIRLS U08 -32 KG";"2";"SAVVATIANOU ANDREA";"http://setopen.sportdata.org/jjifranking/ranking_main_competitor.php?ranking_country=CYP&ranking_competitor=&ranking_competitor_name=SAVVATIANOU ANDREA#ranking_competitor";"ATHLETIC CLUB EVAGORAS";"CYPRUS";"";""


"NE WAZA JIUJITSU MEN U18 -55 KG";"1";"BENDIR ILYA";"http://setopen.sportdata.org/jjifranking/ranking_main_competitor.php?ranking_country=CYP&ranking_competitor=&ranking_competitor_name=BENDIR ILYA#ranking_competitor";"JU JUTSU M.A. ALEXANDR KRETOV";"CYPRUS";"";""
"NE WAZA JIUJITSU MEN U18 -55 KG";"2";"SARDALOS GEORGIOS";"http://setopen.sportdata.org/jjifranking/ranking_main_competitor.php?ranking_country=CYP&ranking_competitor=&ranking_competitor_name=SARDALOS GEORGIOS#ranking_competitor";"ATHLETIC CLUB EVAGORAS";"CYPRUS";"";""


"NE WAZA JIUJITSU MEN U18 -60 KG";"1";"OUZMPEKOPOULOS STEFANOS";"http://setopen.sportdata.org/jjifranking/ranking_main_competitor.php?ranking_country=CYP&ranking_competitor=&ranking_competitor_name=OUZMPEKOPOULOS STEFANOS#ranking_competitor";"JU JUTSU M.A. ALEXANDR KRETOV";"CYPRUS";"";""


"NE WAZA JIUJITSU MEN U18 -73 KG";"1";"MARINOU AMVROSIOS";"http://setopen.sportdata.org/jjifranking/ranking_main_competitor.php?ranking_country=CYP&ranking_competitor=&ranking_competitor_name=MARINOU AMVROSIOS#ranking_competitor";"ATHLETIC CLUB EVAGORAS";"CYPRUS";"";""
"NE WAZA JIUJITSU MEN U18 -73 KG";"2";"YIANNAKAS KONSTANTINOS";"http://setopen.sportdata.org/jjifranking/ranking_main_competitor.php?ranking_country=CYP&ranking_competitor=&ranking_competitor_name=YIANNAKAS KONSTANTINOS#ranking_competitor";"ATHLETIC CLUB EVAGORAS";"CYPRUS";"";""
"NE WAZA JIUJITSU MEN U18 -73 KG";"3";"GERIMOS APOLLINARIOS";"http://setopen.sportdata.org/jjifranking/ranking_main_competitor.php?ranking_country=CYP&ranking_competitor=&ranking_competitor_name=GERIMOS APOLLINARIOS#ranking_competitor";"ATHLETIC CLUB EVAGORAS";"CYPRUS";"";""
"NE WAZA JIUJITSU MEN U18 -73 KG";"4";"KADIS ANDRIANOS";"http://setopen.sportdata.org/jjifranking/ranking_main_competitor.php?ranking_country=CYP&ranking_competitor=&ranking_competitor_name=KADIS ANDRIANOS#ranking_competitor";"ATHLETIC CLUB EVAGORAS";"CYPRUS";"";""


"NE WAZA JIUJITSU MEN U18 -81 KG";"1";"KIAGIAS KONSTANTINOS";"http://setopen.sportdata.org/jjifranking/ranking_main_competitor.php?ranking_country=CYP&ranking_competitor=&ranking_competitor_name=KIAGIAS KONSTANTINOS#ranking_competitor";"ATHLETIC CLUB EVAGORAS";"CYPRUS";"";""
"NE WAZA JIUJITSU MEN U18 -81 KG";"2";"PETROU ANTREAS STEFANOS";"http://setopen.sportdata.org/jjifranking/ranking_main_competitor.php?ranking_country=CYP&ranking_competitor=&ranking_competitor_name=PETROU ANTREAS STEFANOS#ranking_competitor";"SPARTA ACADEMY";"CYPRUS";"";""
"NE WAZA JIUJITSU MEN U18 -81 KG";"3";"OIKONOMOU THEODOROS";"http://setopen.sportdata.org/jjifranking/ranking_main_competitor.php?ranking_country=CYP&ranking_competitor=&ranking_competitor_name=OIKONOMOU THEODOROS#ranking_competitor";"ATHLETIC CLUB EVAGORAS";"CYPRUS";"";""


"NE WAZA MALE +18 +94";"1";"AFXENTIOU CHRYSILIOS";"http://setopen.sportdata.org/jjifranking/ranking_main_competitor.php?ranking_country=CYP&ranking_competitor=&ranking_competitor_name=AFXENTIOU CHRYSILIOS#ranking_competitor";"ZR TEAM LARNACA";"CYPRUS";"";""
"NE WAZA MALE +18 +94";"2";"ALEXOPOULOS ANTONIS";"http://setopen.sportdata.org/jjifranking/ranking_main_competitor.php?ranking_country=CYP&ranking_competitor=&ranking_competitor_name=ALEXOPOULOS ANTONIS#ranking_competitor";"ZR TEAM LARNACA";"CYPRUS";"";""
"NE WAZA MALE +18 +94";"3";"LEONIDIS LAZAROS";"http://setopen.sportdata.org/jjifranking/ranking_main_competitor.php?ranking_country=CYP&ranking_competitor=&ranking_competitor_name=LEONIDIS LAZAROS#ranking_competitor";"RENZO GRACIE STROVOLOS";"CYPRUS";"";""
"NE WAZA MALE +18 +94";"4";"KARSOUMAS IOAKEIM";"http://setopen.sportdata.org/jjifranking/ranking_main_competitor.php?ranking_country=CYP&ranking_competitor=&ranking_competitor_name=KARSOUMAS IOAKEIM#ranking_competitor";"ATHLETIC CLUB EVAGORAS";"CYPRUS";"";""


"NE WAZA MALE +18 -69";"1";"PSAJI PANAGIOTIS";"http://setopen.sportdata.org/jjifranking/ranking_main_competitor.php?ranking_country=CYP&ranking_competitor=&ranking_competitor_name=PSAJI PANAGIOTIS#ranking_competitor";"ZR TEAM PAPHOS";"CYPRUS";"";""
"NE WAZA MALE +18 -69";"2";"THEODOROU STAVROS";"http://setopen.sportdata.org/jjifranking/ranking_main_competitor.php?ranking_country=CYP&ranking_competitor=&ranking_competitor_name=THEODOROU STAVROS#ranking_competitor";"PAPHOS  MUAY THAI";"CYPRUS";"";""
"NE WAZA MALE +18 -69";"3";"DAMIANOU DAMIANOS";"http://setopen.sportdata.org/jjifranking/ranking_main_competitor.php?ranking_country=CYP&ranking_competitor=&ranking_competitor_name=DAMIANOU DAMIANOS#ranking_competitor";"SPARTA ACADEMY";"CYPRUS";"";""
"NE WAZA MALE +18 -69";"3";"POGIATZEAS MARIOS";"http://setopen.sportdata.org/jjifranking/ranking_main_competitor.php?ranking_country=CYP&ranking_competitor=&ranking_competitor_name=POGIATZEAS MARIOS#ranking_competitor";"PAPHOS  MUAY THAI";"CYPRUS";"";""
"NE WAZA MALE +18 -69";"5";"CHRISTOS FIDOGIAN";"http://setopen.sportdata.org/jjifranking/ranking_main_competitor.php?ranking_country=CYP&ranking_competitor=&ranking_competitor_name=CHRISTOS FIDOGIAN#ranking_competitor";"PAPHOS  MUAY THAI";"CYPRUS";"";""
"NE WAZA MALE +18 -69";"5";"KYRNIS MATTHEOS";"http://setopen.sportdata.org/jjifranking/ranking_main_competitor.php?ranking_country=CYP&ranking_competitor=&ranking_competitor_name=KYRNIS MATTHEOS#ranking_competitor";"PAPHOS  MUAY THAI";"CYPRUS";"";""


"NE WAZA MALE +18 -77  - B";"1";"STASIV VITALII";"http://setopen.sportdata.org/jjifranking/ranking_main_competitor.php?ranking_country=CYP&ranking_competitor=&ranking_competitor_name=STASIV VITALII#ranking_competitor";"IJS / ZR TEAM PAPHOS";"CYPRUS";"";""
"NE WAZA MALE +18 -77  - B";"2";"RUTSKII DANIIL";"http://setopen.sportdata.org/jjifranking/ranking_main_competitor.php?ranking_country=CYP&ranking_competitor=&ranking_competitor_name=RUTSKII DANIIL#ranking_competitor";"ZR TEAM LARNACA";"CYPRUS";"";""
"NE WAZA MALE +18 -77  - B";"3";"POGIATZEAS ARTEMIOS";"http://setopen.sportdata.org/jjifranking/ranking_main_competitor.php?ranking_country=CYP&ranking_competitor=&ranking_competitor_name=POGIATZEAS ARTEMIOS#ranking_competitor";"PAPHOS  MUAY THAI";"CYPRUS";"";""


"NE WAZA MALE +18 -77 - A";"1";"AGGELIDES CONSTANTINOS";"http://setopen.sportdata.org/jjifranking/ranking_main_competitor.php?ranking_country=CYP&ranking_competitor=&ranking_competitor_name=AGGELIDES CONSTANTINOS#ranking_competitor";"RENZO GRACIE STROVOLOS";"CYPRUS";"";""
"NE WAZA MALE +18 -77 - A";"2";"CHRISTOS FIDOGIAN";"http://setopen.sportdata.org/jjifranking/ranking_main_competitor.php?ranking_country=CYP&ranking_competitor=&ranking_competitor_name=CHRISTOS FIDOGIAN#ranking_competitor";"PAPHOS  MUAY THAI";"CYPRUS";"";""


"NE WAZA MALE +18 -85   - A";"1";"HATZICOSTANTINOU MARINOS";"http://setopen.sportdata.org/jjifranking/ranking_main_competitor.php?ranking_country=CYP&ranking_competitor=&ranking_competitor_name=HATZICOSTANTINOU MARINOS#ranking_competitor";"RENZO GRACIE STROVOLOS";"CYPRUS";"";""
"NE WAZA MALE +18 -85   - A";"2";"SEMENOV DMITRY";"http://setopen.sportdata.org/jjifranking/ranking_main_competitor.php?ranking_country=CYP&ranking_competitor=&ranking_competitor_name=SEMENOV DMITRY#ranking_competitor";"ZR TEAM PAPHOS";"CYPRUS";"";""
"NE WAZA MALE +18 -85   - A";"3";"BOGDANOVS DENISS";"http://setopen.sportdata.org/jjifranking/ranking_main_competitor.php?ranking_country=CYP&ranking_competitor=&ranking_competitor_name=BOGDANOVS DENISS#ranking_competitor";"HOJJ";"CYPRUS";"";""
"NE WAZA MALE +18 -85   - A";"4";"ALEXANDROU ELEFTHERIOS";"http://setopen.sportdata.org/jjifranking/ranking_main_competitor.php?ranking_country=CYP&ranking_competitor=&ranking_competitor_name=ALEXANDROU ELEFTHERIOS#ranking_competitor";"ATHLETIC CLUB EVAGORAS";"CYPRUS";"";""


"NE WAZA MALE +18 -85   - B";"1";"YIANNI JAKE";"http://setopen.sportdata.org/jjifranking/ranking_main_competitor.php?ranking_country=CYP&ranking_competitor=&ranking_competitor_name=YIANNI JAKE#ranking_competitor";"RENZO GRACIE STROVOLOS";"CYPRUS";"";""
"NE WAZA MALE +18 -85   - B";"2";"ELEFTHERIADES IOANNIS";"http://setopen.sportdata.org/jjifranking/ranking_main_competitor.php?ranking_country=CYP&ranking_competitor=&ranking_competitor_name=ELEFTHERIADES IOANNIS#ranking_competitor";"HOJJ";"CYPRUS";"";""
"NE WAZA MALE +18 -85   - B";"3";"PANAGI PANAYIOTIS";"http://setopen.sportdata.org/jjifranking/ranking_main_competitor.php?ranking_country=CYP&ranking_competitor=&ranking_competitor_name=PANAGI PANAYIOTIS#ranking_competitor";"ATHLETIC CLUB EVAGORAS";"CYPRUS";"";""


"NE WAZA MALE +18 -94";"1";"RODOSTHENOUS ANDREAS";"http://setopen.sportdata.org/jjifranking/ranking_main_competitor.php?ranking_country=CYP&ranking_competitor=&ranking_competitor_name=RODOSTHENOUS ANDREAS#ranking_competitor";"ZR TEAM LARNACA";"CYPRUS";"";""
"NE WAZA MALE +18 -94";"2";"OMAROV MAGOMED";"http://setopen.sportdata.org/jjifranking/ranking_main_competitor.php?ranking_country=CYP&ranking_competitor=&ranking_competitor_name=OMAROV MAGOMED#ranking_competitor";"RENZO GRACIE STROVOLOS";"CYPRUS";"";""
"NE WAZA MALE +18 -94";"3";"MICHAILIDES SOFRONIS";"http://setopen.sportdata.org/jjifranking/ranking_main_competitor.php?ranking_country=CYP&ranking_competitor=&ranking_competitor_name=MICHAILIDES SOFRONIS#ranking_competitor";"MEGAS ALEXANDROS";"CYPRUS";"";""